Country Name,Program Name,FY1947,FY1948,FY1949,FY1950,FY1951,FY1952,FY1953,FY1954,FY1955,FY1956,FY1957,FY1958,FY1959,FY1960,FY1961,FY1962,FY1963,FY1964,FY1965,FY1966,FY1967,FY1968,FY1969,FY1970,FY1971,FY1972,FY1973,FY1974,FY1975,FY1976,FY1976tq,FY1977,FY1978,FY1979,FY1980,FY1981,FY1982,FY1983,FY1984,FY1985,FY1986,FY1987,FY1988,FY1989,FY1990,FY1991,FY1992,FY1993,FY1994,FY1995,FY1996,FY1997,FY1998,FY1999,FY2000,FY2001,FY2002,FY2003,FY2004,FY2005,FY2006,FY2007,FY2008,FY2009,FY2010
Afghanistan,"Military Assistance, Total",,,,,,,,,,,,"101,000","400,000","200,000","500,000","1,000,000","833,000","154,000","67,000","117,000","162,000","192,000","272,000","201,000","155,000","239,000","208,000","142,000","191,000","259,000","1,000","173,000","251,000",,,,,,,,,,,,,,,,,,,,,,,,"51,447,000","343,320,500","537,567,587","707,432,447","1,883,714,000","3,882,291,000","6,215,767,000","6,032,931,000","6,800,308,625"
Albania,"Military Assistance, Total",,,,,,,,,,,,,,,,,,,,,,,,,,,,,,,,,,,,,,,,,,,,,,,"128,000","172,000","258,500","835,164","5,481,576","829,595","2,313,000","5,379,257","2,371,994","9,431,000","4,866,000","8,857,000","6,197,000","5,332,000","4,850,000","4,044,000","2,758,000","4,145,000","5,080,000"
Algeria,"Military Assistance, Total",,,,,,,,,,,,,,,,,,,,,,,,,,,,,,,,,,,,,,,,"55,000","39,000","132,000","81,000","103,000","144,000","175,000","150,000","137,000","56,000","74,000","75,000","61,000","126,000","124,000","115,000","121,000","67,000","612,000","719,000","913,000","823,000","1,681,000","695,000","884,000","1,015,000"
Angola,"Military Assistance, Total",,,,,,,,,,,,,,,,,,,,,,,,,,,,,,,,,,,,,,,,,,,,,,,,,,,"2,000,000","174,000",,,,,,"302,000","500,000","313,000","641,000","439,000","347,000","474,000","373,000"
Antigua and Barbuda,"Military Assistance, Total",,,,,,,,,,,,,,,,,,,,,,,,,,,,,,,,,,,,,,"14,000","30,000","45,000","42,000","38,000","44,000","3,000","784,000","648,000","877,000","96,000","44,000","43,000","178,000","341,000","4,676,000","11,254,000","706,000","756,000","3,623,000","332,000","1,532,000","652,000","433,000","540,000","106,000","680,000","2,194,000"
Argentina,"Military Assistance, Total",,,,,,,,,,,,,,"275,000","3,905,000","29,105,000","1,457,000","10,078,000","16,538,000","27,433,000","15,853,000","11,433,000","11,667,000","591,000","16,379,000","20,606,000","11,947,000","22,929,000","30,100,000","34,383,000","100,000","721,000",,,,,,,,,,,"33,000","146,000","147,000","4,020,000","6,682,000","16,057,431","1,246,600","5,697,620","16,667,140","2,228,808","5,651,261","8,343,017","5,838,160","2,109,000","2,790,000","4,622,000","1,314,000","1,295,000","1,274,000","1,370,000","1,329,000","1,358,000","1,483,000"
Armenia,"Military Assistance, Total",,,,,,,,,,,,,,,,,,,,,,,,,,,,,,,,,,,,,,,,,,,,,,,,,,,,,,,,"120,000","8,905,000","5,659,000","3,354,000","8,832,000","5,878,000","4,836,750","3,674,200","3,357,000","3,490,000"
Asia (not specified),"Military Assistance, Total",,,,"30,400,000","92,630,000","151,620,000","213,989,000","219,900,000","52,519,000","-20,700,000","-6,900,000","-2,100,000",,,,,,,,,,,,,,,,,,,,,,,,,,,,,,,,,,,,,,,,,,,,,,,,,"700,000",,,,
Australia,"Military Assistance, Total",,,,,,,,,,,,,"25,200,000","4,600,000","2,300,000","19,500,000","31,100,000","25,000,000","10,000,000","5,000,000",,,,,,,,,,,,,,,,,,,,,,,,,,,,,"10,000",,,,,,,,,,,,,,"7,000","200,000",
Austria,"Military Assistance, Total",,,,"55,203,000",,"300,000",,,"300,000","400,000","35,000","37,666,000","6,237,000","3,648,000","739,000","7,745,000","8,610,000","421,000","49,000","23,000","17,000","11,000",,"4,000",,"12,000","23,000","24,000","9,000","18,000","1,000","24,000","50,000","50,000","24,000","28,000","38,000","42,000","54,000","45,000","64,000","53,000","22,000","21,000","13,000","26,000",,,"10,000","15,000","15,000",,,,,,,,,,,,,,
Azerbaijan,"Military Assistance, Total",,,,,,,,,,,,,,,,,,,,,,,,,,,,,,,,,,,,,,,,,,,,,,,,,,,,,,,,"260,000","9,552,000","5,878,000","3,567,000","10,524,000","7,514,000","4,543,000","4,033,000","4,020,000","4,010,000"
"Bahamas, The","Military Assistance, Total",,,,,,,,,,,,,,,,,,,,,,,,,,,,,,,,,,,,,,,,"44,000","42,000","46,000","51,000","36,000","44,000","118,000","80,000","75,000","15,000","53,000","191,000","689,000","924,000","4,122,000","5,057,000","5,454,000","5,026,000","4,908,000","6,029,000","1,965,000","5,913,000","7,258,000","13,212,000","10,222,000","6,852,000"
Bahrain,"Military Assistance, Total",,,,,,,,,,,,,,,,,,,,,,,,,,,,,,,,,,,,,,,,,,,,,,,"1,074,000","603,000","1,015,595","23,663,695","82,290,020","11,612,880","20,494,160","18,056,338","14,666,276","6,233,190","38,823,000","94,516,915","25,250,000","24,819,042","16,244,000","22,723,800","4,590,000","8,660,000","19,671,000"
Bangladesh,"Military Assistance, Total",,,,,,,,,,,,,,,,,,,,,,,,,,,,,,,,"44,000","211,000","236,000","124,000","135,000","161,000","197,000","263,000","336,000","268,000","299,000","290,000","325,000","300,000","3,554,000","3,227,000","462,000","247,000","2,252,388","326,000","2,138,702","1,562,000","1,194,000","456,000","507,000","648,000","772,000","1,362,000","5,139,000","1,920,000","1,924,000","1,414,000","1,377,000","2,509,000"
Barbados,"Military Assistance, Total",,,,,,,,,,,,,,,,,,,,,,,,,,,,,,,,,,"6,000","30,000","17,000","56,000","52,000","70,000","69,000","69,000","68,000","84,000","2,000","671,000","1,261,000","867,000","117,000","46,000","106,000","299,000","2,446,000","525,000","493,000","427,000","958,000","689,000","521,000","230,000","180,000","150,000","213,000","259,000","379,000","682,000"
Belarus,"Military Assistance, Total",,,,,,,,,,,,,,,,,,,,,,,,,,,,,,,,,,,,,,,,,,,,,,,,"97,000","414,731","5,199,756","279,000","273,000","61,000",,,,"60,000",,,,"130,000",,,,
Belgium,"Military Assistance, Total",,,,"88,397,000","334,410,000","290,665,000","141,430,000","78,822,000","105,716,000","48,798,000","57,194,000","6,528,000","25,281,000","17,229,000","55,691,000","6,204,000","12,171,000","6,028,000","401,000","19,000","22,000",,,,,,,,,,,,,,,,,,,,,,,,,,,,,,,,,,,,,,,,,,"4,000","3,000",
Belize,"Military Assistance, Total",,,,,,,,,,,,,,,,,,,,,,,,,,,,,,,,,,,,,"20,000","48,000","50,000","598,000","72,000","94,000","305,000","107,000","507,000","615,000","650,000","624,000","213,000","54,000","292,000","432,640","654,000","551,000","407,000","843,000","801,000","747,000","650,000","1,208,000","774,000","3,681,000","1,797,000","4,661,000","5,157,000"
Benin,"Military Assistance, Total",,,,,,,,,,,,,,,,"53,000","4,000",,,,"4,000","2,000","14,000",,,,,,,,,,,,,,,,,"46,000","59,000","86,000","66,000","82,000","147,000","117,000","106,000","363,000","101,000","161,000","281,000","350,000","3,576,000","372,000","356,000","384,000","502,000","382,000",,,"345,000","382,000","146,000","426,000","316,000"
Bolivia,"Military Assistance, Total",,,,,,,,,,,,"86,000","340,000","323,000","1,752,000","2,396,000","4,962,000","2,850,000","2,497,000","2,861,000","3,720,000","2,446,000","1,950,000","1,488,000","2,508,000","6,021,000","4,793,000","7,909,000","7,216,000","13,628,000","10,200,000","2,656,000","763,000","6,406,000","205,000",,,,"125,000","3,349,000","140,000","184,000","376,000","775,000","46,753,000","35,886,000","27,842,000","22,949,000","7,639,791","3,597,472","551,500","4,720,000","9,737,000","4,915,825","8,428,790","6,741,000","6,175,000","7,147,000","9,276,000","5,604,000","3,942,000","1,996,000","1,590,000","621,000","866,000"
Bosnia & Herzegovina,"Military Assistance, Total",,,,,,,,,,,,,,,,,,,,,,,,,,,,,,,,,,,,,,,,,,,,,,,,,,"228,000","80,407,000","13,520,323","5,835,000","4,632,000","971,880","6,720,000","3,970,000","3,562,700","19,390,000","9,437,000","10,103,000","9,546,000","4,264,000","4,534,000","5,156,000"
Botswana,"Military Assistance, Total",,,,,,,,,,,,,,,,,,,,,,,,,,,,,,,,,,,"70,000","522,000","595,000","5,193,000","7,225,000","9,286,000","314,000","349,000","324,000","342,000","1,352,000","3,201,000","582,000","2,299,984","364,000","4,224,966","454,000","391,000","1,128,453","562,000","479,000","2,260,000","1,692,000","1,444,000","1,422,000","1,193,000","758,000","675,000","1,045,000","818,000","1,018,000"
Brazil,"Military Assistance, Total",,,,,,"26,900,000","64,100,000","11,500,000","7,700,000","8,494,000","26,104,000","6,834,000","21,869,000","33,281,000","26,760,000","39,375,000","8,231,000","34,900,000","13,479,000","33,813,000","33,499,000","36,255,000","754,000","777,000","11,986,000","20,523,000","17,415,000","46,205,000","65,175,000","44,046,000","100,000","46,000",,,,,,,,,,,"43,000","124,000","97,000","72,000","147,000","250,000","96,000","100,000","200,000","3,110,000","9,572,000","1,519,000","757,000","19,384,937","1,293,000","1,282,000","669,000","649,000","967,000","761,000","2,171,000","959,000","1,453,000"
Brunei,"Military Assistance, Total",,,,,,,,,,,,,,,,,,,,,,,,,,,,,,,,,,,,,,,,,,,,,,,,,,,,,,,,,,,,,,,"25,000",,
Bulgaria,"Military Assistance, Total",,,,,,,,,,,,,,,,,,,,,,,,,,,,,,,,,,,,,,,,,,,,,,,"333,000","279,000","300,000","474,810","5,818,809","3,908,397","5,150,000","10,374,000","6,000,000","14,569,000","9,712,000","20,324,000","9,912,000","10,149,000","11,480,000","11,056,000","8,259,000","9,228,000","10,968,000"
Burkina Faso,"Military Assistance, Total",,,,,,,,,,,,,,,,"54,000","2,000",,"8,000","9,000","8,000","4,000",,,,,,,,,,,,"115,000","85,000","67,000","82,000","115,000","34,000","17,000","34,000","73,000","44,000","69,000","84,000","107,000",,,,,,,,,,,,,"114,000","128,000","122,000","163,000","152,000","171,000","261,000"
Burma (Myanmar),"Military Assistance, Total",,,,"1,938,000","1,200,000",,"1,000","1,000",,,,"15,527,000","11,258,000","11,553,000","2,196,000","11,464,000","9,650,000","2,158,000","11,399,000","3,523,000","3,878,000","2,751,000","83,000","105,000","41,000",,"6,000",,,,,,,,"30,000","31,000","151,000","170,000","116,000","222,000","263,000","299,000","257,000",,,,,,,,,,,,,,"52,000","58,000","7,000","3,842,000","180,000",,,,
Burundi,"Military Assistance, Total",,,,,,,,,,,,,,,,,,,,,,,,,,,,,,,,,,,,,"32,000","39,000","136,000","146,000","134,000","153,000","111,000","123,000","242,000","445,000","182,000","333,000",,"44,000","71,000",,,,,,,,,,"470,000","295,000","320,000","486,000","345,000"
Cambodia,"Military Assistance, Total",,,,,,,,,,"27,368,000","28,532,000","5,469,000","3,087,000","8,001,000","12,384,000","11,206,000","3,319,000","295,000",,,,,,"8,603,000","200,430,000","190,654,000","170,115,000","377,596,000","232,349,000",,,,,,,,,,,,,,,,,,,,"872,000","1,573,000","2,403,000","1,463,000",,,,,,,"28,000","1,326,000","1,761,000","1,937,867","1,405,000","5,326,026","2,435,000"
Cameroon,"Military Assistance, Total",,,,,,,,,,,,,,,,"241,000",,,,,,,"15,000","13,000",,,,,,,,,"5,000,000","2,000,000","1,044,000","4,423,000","1,539,000","2,587,000","5,096,000","5,132,000","219,000","284,000","228,000","271,000","494,000","1,327,000","283,000","328,000","100,000",,"83,000","104,000","142,000","184,000","189,000","223,000","193,000","456,000","361,000","486,000","521,000","419,000","285,000","920,000","1,535,000"
Canada,"Military Assistance, Total",,,,,"2,700,000",,"1,200,000",,,,,,,,"9,100,000",,,,,,,,,,,,,,,,,,,,,,,,,,,,,,,,,,,,,,,"23,000","40,000","33,000","40,000","12,000","7,000",,,,"7,000","7,000",
Cape Verde,"Military Assistance, Total",,,,,,,,,,,,,,,,,,,,,,,,,,,,,,,,,,,,,,"4,000","49,000","55,000","45,000","7,000","66,000","82,000","68,000","2,112,000","355,000","167,000",,"75,000","64,000","208,000","153,000","70,000","123,000","126,000","146,000","143,000","200,000","181,000","423,000","782,000","220,000","358,000","189,000"
Caribbean (not specified),"Military Assistance, Total",,,,,,,,,,,,,,,,,,,,,,,,,,,,,,,,,,,,,,,,"5,000,000",,,"1,000,000",,,,,,,,,,"125,000","4,221,000","8,883,000","8,343,000","9,842,000","12,956,000","18,696,000","16,690,000","16,316,000","18,546,000","19,546,000","25,588,000","25,697,000"
Central African Republic,"Military Assistance, Total",,,,,,,,,,,,,,,,,,,,,,,,,,,,,,,,,,,,,"23,000","49,000","88,000","102,000","117,000","188,000","144,000","182,000","253,000","393,000","256,000","215,000",,"186,000","110,000","158,000","150,000","81,000","103,000","116,000","128,000","13,000",,,"104,000","266,000","116,000","54,000","60,000"
Chad,"Military Assistance, Total",,,,,,,,,,,,,,,,,,,,,,,,,,,,,,,,,,,,,,"23,090,000","355,000","5,279,000","9,408,000","20,784,000","5,773,000","254,000","4,114,000","1,198,000","352,000","370,000","225,000","62,000",,"27,000","100,000","87,000","100,000","173,000","216,000","258,000","573,000","2,531,000","492,000","372,000","184,000","172,000","875,000"
Chile,"Military Assistance, Total",,,,,,"6,700,000","8,200,000","697,000","5,194,000","3,799,000","6,281,000","9,813,000","5,170,000","7,841,000","17,328,000","15,955,000","25,222,000","9,442,000","10,452,000","10,348,000","4,338,000","7,892,000","11,736,000","852,000","5,690,000","12,259,000","14,991,000","16,107,000","624,000",,,,,,,,,,,,,,,,,"3,313,000","3,769,000","266,000","97,000","508,404","558,528","507,000","22,030,008","933,000","888,000","1,918,813","1,342,000","2,442,000","1,635,000","1,525,000","1,380,000","1,302,000","699,000","5,896,000","2,281,000"
China (P.R.C.),"Military Assistance, Total",,,,,,,,,,,,,,,,,,,,,,,,,,,,,,,,,,,,,,,,,,,,,,,,,,,,,,,,,"21,000",,,,"71,000",,"99,000","150,000","190,000"
China (Taiwan),"Military Assistance, Total","141,400,000",,,,"80,900,000","194,399,000","233,300,000","285,700,000","385,091,000","202,995,000","109,109,000","51,308,000","305,036,000","295,244,000","192,416,000","131,317,000","115,984,000","73,716,000","66,277,000","100,063,000","110,777,000","164,181,000","122,093,000","262,929,000","125,812,000","140,884,000","148,152,000","92,744,000","82,710,000","94,220,000","13,400,000","35,485,000","24,128,000","8,000",,,,,,,,,,,,,,,,,,,,,,,,,,,,,,,
Colombia,"Military Assistance, Total",,,,,,"3,501,000","6,300,000","1,701,000","4,699,000","3,299,000","2,505,000","7,019,000","1,748,000","5,160,000","17,705,000","8,585,000","6,659,000","9,095,000","10,356,000","13,475,000","9,490,000","4,875,000","4,000,000","7,381,000","6,675,000","8,639,000","10,492,000","548,000","664,000","20,604,000","500,000","697,000","52,122,000","12,955,000","258,000","246,000","10,346,000","597,000","25,251,000","769,000","999,000","1,367,000","4,211,000","60,450,000","90,953,000","54,587,000","58,332,000","30,619,000","8,600,000","11,012,610","3,935,000","69,464,950","68,613,000","110,029,500","131,558,868","194,185,435","120,323,000","196,514,700","282,598,560","256,888,000","231,263,000","217,001,010","173,848,000","185,146,014","185,844,000"
Comoros,"Military Assistance, Total",,,,,,,,,,,,,,,,,,,,,,,,,,,,,,,,,,,,,,,,,"27,000","23,000","26,000","50,000","130,000","90,000","60,000","137,000",,,"64,000","76,000","101,000","14,000",,,,,"121,000","541,000","523,000","61,000","1,133,000","184,000","111,000"
Congo (Brazzaville),"Military Assistance, Total",,,,,,,,,,,,,,,,,,,,,,,,,,,,,,,,,,,,,"30,000","55,000","4,000",,,"2,000",,,"37,000","227,000","150,000","142,000","109,000","150,000","162,000","147,000",,,,"86,000","140,000","108,000","17,000","162,000","293,000","382,000","155,000","123,000","132,000"
Congo (Kinshasa),"Military Assistance, Total",,,,,,,,,,,,,,,,"1,000","2,189,000","8,486,000","6,238,000","3,667,000","3,388,000","2,057,000","2,687,000","1,907,000","13,602,000","2,328,000","6,501,000","3,860,000","3,791,000","29,356,000","10,200,000","30,124,000","19,097,000","9,532,000","6,843,000","6,747,000","7,707,000","1,511,000","695,000","8,273,000","1,179,000","1,128,000","3,921,000","871,000","3,446,000","8,000",,,,,,,,,,,,,"321,000","330,000","406,000","6,063,000","11,835,450","75,366,000","29,950,000"
Costa Rica,"Military Assistance, Total",,,,,,,,,,,,,,"6,000","62,000","621,000","325,000","433,000","216,000","221,000","21,000",,,,"100,000",,,,,,,"5,000,000",,,,"31,000","46,000","123,000","134,000","11,229,000","213,000","207,000","220,000","207,000","218,000","315,000","206,000","225,000","101,000","112,280","196,137","333,000","451,000","756,654","1,134,000","1,746,000","1,311,000","1,512,000","880,000","742,000","623,000","898,000","2,624,000","2,954,000","2,294,000"
Cote d'Ivoire,"Military Assistance, Total",,,,,,,,,,,,,,,,"55,000","1,000",,,,"8,000","3,000","30,000","15,000","15,000","22,000","4,000",,,,,,,,"13,000","24,000","36,000","38,000","153,000","130,000","112,000","161,000","146,000","134,000","634,000","2,604,000","186,000","213,000","150,000","120,000","151,000","170,000","1,411,000","689,000","22,000",,,,,,,,,"25,000",
Croatia,"Military Assistance, Total",,,,,,,,,,,,,,,,,,,,,,,,,,,,,,,,,,,,,,,,,,,,,,,,,,"105,000","218,000","427,000","455,000","435,000","4,514,000","4,523,000","5,593,000","6,200,000",,"770,000","500,000","75,000","309,000","1,700,000","3,364,000"
Cuba,"Military Assistance, Total",,,,,,"600,000","1,700,000","1,499,000","1,591,000","2,038,000","5,590,000","2,053,000","892,000","100,000",,,,,,,,,,,,,,,,,,,,,,,,,,,,,,,,,,,,,,,,,,,,,,,,,,,
Cyprus,"Military Assistance, Total",,,,,,,,,,,,,,,,,,,,,,,,,,,,,,,,,,,,,,,,,,,,,,,,,,,,,,,,,,,,,,,"3,000","5,000",
Czech Republic,"Military Assistance, Total",,,,,,,,,,,,,,,,,,,,,,,,,,,,,,,,,,,,,,,,,,,,,,,,"469,000","500,000","500,000","9,695,000","9,824,000","17,644,000","8,136,000","7,441,000","9,943,000","11,800,000","27,829,000","10,004,000","7,912,000","5,993,000","5,109,000","4,416,000","4,598,000","7,892,000"
Denmark,"Military Assistance, Total",,,,"43,095,000","104,095,000","78,100,000","111,600,000","36,399,000","15,899,000","28,400,000","8,299,000","21,775,000","44,631,000","40,762,000","35,786,000","14,888,000","45,390,000","3,547,000","2,219,000","5,037,000","50,000",,,,,,,,,,,,,,,,,,,,,,,,,,,,,,,,,,,,,,,,,,,,
Djibouti,"Military Assistance, Total",,,,,,,,,,,,,,,,,,,,,,,,,,,,,,,,,,,,,"57,000","113,000","106,000","2,617,000","106,000","146,000","1,133,000","144,000","2,209,000","1,713,000","46,000","206,000","106,000","250,460","150,000","94,000","103,000","123,000","163,000","232,000","1,663,000","13,554,000","6,999,000","4,707,000","4,367,000","4,145,000","2,343,000","2,473,000","2,379,000"
Dominica,"Military Assistance, Total",,,,,,,,,,,,,,,,,,,,,,,,,,,,,,,,,,,,"8,000","4,000","11,000","43,000","44,000","46,000","53,000","41,000","45,000","722,000","545,000","485,000","151,000","67,000","79,000","85,000","238,000","187,000","195,000","261,000","343,000","356,000","65,000","423,000","218,000","278,000","176,000","54,000","112,000","2,003,000"
Dominican Republic,"Military Assistance, Total",,,,,,,"402,000","1,400,000","495,000","2,398,000","1,037,000","1,805,000","397,000","94,000","61,000","1,141,000","3,993,000","1,995,000","1,666,000","3,233,000","2,756,000","2,567,000","2,521,000","2,046,000","1,122,000","2,022,000","2,393,000","807,000","1,508,000","1,743,000","1,100,000","1,533,000","613,000","951,000","3,439,000","3,345,000","4,430,000","5,572,000","3,178,000","8,704,000","685,000","800,000","1,210,000","682,000","2,011,000","1,636,000","1,942,000","1,468,080","8,447,000","469,878","524,022","1,389,600","1,814,891","1,989,000","4,798,000","1,798,000","6,048,538","1,809,000","4,214,000","3,334,125","4,516,000","2,903,000","2,504,000","2,228,000","7,851,000"
East Africa (not specified),"Military Assistance, Total",,,,,,,,,,,,,,,,,,,,,,,,,,,,,,,,,,,,,,,,,,,,,,,,,,,,,,,,,,,,,,,,"5,000,000","10,000,000"
Eastern Europe (not specified),"Military Assistance, Total",,,,,,,,,,,,,,,,,,,,,,,,,,,,,,,,,,,,,,,,,,,,,,"246,000","648,000","61,000",,,,,,,,,,,,,,,,,
Ecuador,"Military Assistance, Total",,,,,,"2,300,000","4,000,000","1,100,000","1,200,000","2,295,000","2,210,000","4,145,000","3,965,000","886,000","10,926,000","4,851,000","3,459,000","5,130,000","5,810,000","3,786,000","6,557,000","2,388,000","2,269,000","2,331,000","296,000",,,"1,000","381,000","10,465,000","100,000","15,393,000","10,703,000","453,000","3,222,000","4,296,000","4,977,000","4,527,000","6,698,000","6,676,000","4,496,000","541,000","676,000","649,000","3,667,000","2,831,000","6,725,000","5,121,464","509,000","293,000","561,176","2,917,250","5,137,000","10,113,000","12,590,300","20,282,060","25,185,000","23,090,000","17,885,000","21,085,000","23,764,000","21,808,000","20,557,000","20,639,000","15,185,000"
Egypt,"Military Assistance, Total",,,,,,,,,,,,,,,,,,,,,,,,,,,,,,,,,"183,000","1,500,379,000","848,000","550,720,000","902,315,000","1,326,778,000","1,366,458,000","1,176,398,000","1,245,741,000","1,301,696,000","1,301,477,000","1,301,484,000","1,295,919,000","1,301,798,000","1,301,518,000","1,302,299,892","1,329,014,520","1,342,039,999","1,373,872,023","1,304,889,154","1,303,343,750","1,351,905,310","1,333,685,882","1,299,709,358","1,301,367,000","1,304,073,715","1,318,119,661","1,294,700,384","1,301,512,728","1,301,547,880","1,290,711,000","1,301,332,000","1,301,900,000"
El Salvador,"Military Assistance, Total",,,,,,,,,,,,,,"84,000","218,000","1,025,000","1,468,000","1,230,000","527,000","827,000","330,000","471,000","376,000","577,000","433,000","355,000","507,000","1,132,000","5,353,000","1,017,000","100,000","574,000","3,000","4,000","5,944,000","35,555,000","66,757,000","51,484,000","22,090,000","136,227,000","1,444,000","1,349,000","81,485,000","1,430,000","81,065,000","66,902,000","22,604,000","11,300,000","426,870","404,085","535,000","621,000","783,000","1,762,000","887,000","8,963,438","2,923,943","4,620,000","12,885,000","9,855,000","17,764,000","10,180,000","8,275,000","12,198,000","6,349,000"
Equatorial Guinea,"Military Assistance, Total",,,,,,,,,,,,,,,,,,,,,,,,,,,,,,,,,,,,,"28,000","56,000","54,000","78,000","39,000","85,000","81,000","90,000","424,000","127,000","71,000",,,,,,,,,,,,,,,,,,
Eritrea,"Military Assistance, Total",,,,,,,,,,,,,,,,,,,,,,,,,,,,,,,,,,,,,,,,,,,,,,,,,"282,000","660,000","5,002,800","2,163,000","1,409,000","439,000","27,000","155,000","340,000","381,000","282,000","240,000",,,,,
Estonia,"Military Assistance, Total",,,,,,,,,,,,,,,,,,,,,,,,,,,,,,,,,,,,,,,,,,,,,,,"61,000","553,690","205,544","1,464,163","5,132,802","2,972,254","11,395,231","5,375,000","4,916,220","6,936,000","7,286,000","10,349,000","7,383,000","6,305,000","7,429,527","5,084,000","2,559,000","2,762,000","3,656,000"
Ethiopia,"Military Assistance, Total",,,,,,,,"5,095,000","1,098,000","5,098,000","11,209,000","7,599,000","8,866,000","6,223,000","17,770,000","18,210,000","8,434,000","8,517,000","10,098,000","15,932,000","18,228,000","12,049,000","12,354,000","11,882,000","13,354,000","12,119,000","11,879,000","21,839,000","35,033,000","3,277,000","800,000","843,000",,,,,,,,,,,,,"10,000",,,"160,000","884,410","3,608,153","4,942,984","1,313,000","1,279,000","3,416,000","152,000",,"3,245,000","4,495,000","3,021,000","7,622,000","2,573,000","2,372,000","1,411,000","1,468,000","336,000"
Eurasia (not specified),"Military Assistance, Total",,,,,,,,,,,,,,,,,,,,,,,,,,,,,,,,,,,,,,,,,,,,,,,,,"27,710,500","5,155,092","433,504","22,873,123","7,197,743","195,423","4,768,398","10,843,729","7,888,032","31,157,102","47,654,944","16,020,507","28,065,957","9,115,573","15,543,846","26,884,255","206,169,727"
Fiji,"Military Assistance, Total",,,,,,,,,,,,,,,,,,,,,,,,,,,,,,,,,,,,,,"50,000","80,000","103,000","83,000","82,000",,,,,,,,,,,,"515,000","428,000",,,,"229,000","516,000","728,000",,,,
Finland,"Military Assistance, Total",,,,,,,,,,,,,,,,"1,000","4,000","1,000","6,000","11,000","7,000","23,000","12,000","3,000","14,000","11,000","25,000","14,000","14,000","18,000",,"12,000","37,000","24,000","43,000","37,000","41,000","42,000","36,000","30,000","51,000","63,000","46,000","71,000","37,000","15,000",,,"10,000","15,000","14,000",,,,,,,,,,,,,,
France,"Military Assistance, Total",,,,"460,300,000","1,290,450,000","1,435,350,000","207,195,000","162,899,000","216,699,000","264,512,000","45,858,000","169,703,000","97,061,000","110,320,000","25,339,000","32,861,000","29,254,000","606,000",,,,,,,,,,,,,,,,,,,,,,,,,,,,,,,,"2,742,000",,,,"2,000",,,"10,000",,"6,000",,"5,000",,"32,000","37,000",
Gabon,"Military Assistance, Total",,,,,,,,,,,,,,,,,,,,,,,,,,,,,,"2,000,000",,"2,000,000","2,000,000",,"51,000","2,650,000","2,660,000","1,110,000","3,095,000","138,000","132,000","140,000","127,000","57,000","146,000","321,000","113,000","115,000",,,,,,,"47,000","131,000","157,000","241,000","281,000","439,000","581,000","578,000","197,000","347,000","980,000"
"Gambia, The","Military Assistance, Total",,,,,,,,,,,,,,,,,,,,,,,,,,,,,,,,,,,,,,,,"60,000","53,000","58,000","59,000","93,000","149,000","615,000","217,000","1,398,000","100,000",,,,,,,,"48,000","68,000","183,000","190,000","72,000","103,000","119,000","169,000","118,000"
Georgia,"Military Assistance, Total",,,,,,,,,,,,,,,,,,,,,,,,,,,,,,,,,,,,,,,,,,,,,,,,,"63,000","82,000","302,000","1,012,000","5,766,000","9,271,200","3,639,000","10,236,000","109,815,000","9,109,500","13,528,030","14,334,750","14,640,500","11,021,500","10,028,000","13,538,000","17,806,000"
Germany,"Military Assistance, Total",,,,,"259,700,000","202,700,000","182,574,000","239,800,000","300,000","10,605,000","62,000","8,285,000","2,652,000","30,594,000","957,000","347,000","330,000","300,000","44,000","50,000","47,000",,,,,,,,,,,,,,,,,,,,,,,,,,,,,,,,,,,,,,"595,000","20,000","20,000","225,000","24,000","22,000",
Ghana,"Military Assistance, Total",,,,,,,,,,,,,,,,"5,000","26,000",,,,"25,000","47,000","50,000","46,000","40,000","40,000","55,000","37,000","70,000","108,000","1,000","83,000","233,000","215,000","188,000","199,000","295,000","256,000","237,000","279,000","212,000","209,000","163,000","194,000","173,000","1,201,000","460,000","903,000","514,000","306,500","257,000","243,000","3,588,000","1,709,000","1,210,000","2,319,000","1,532,000","1,579,500","1,658,000","1,321,000","1,290,000","1,643,000","1,608,000","1,612,000","3,874,000"
Greece,"Military Assistance, Total",,"198,400,000","158,700,000","103,301,000","160,296,000","171,393,000","114,297,000","57,998,000","16,593,000","30,099,000","119,849,000","42,342,000","121,360,000","131,161,000","119,986,000","101,835,000","96,479,000","62,969,000","82,145,000","102,379,000","93,122,000","67,104,000","127,667,000","68,324,000","100,742,000","110,673,000","79,912,000","67,500,000","86,000,000","188,322,000","34,100,000","146,465,000","174,825,000","170,920,000","146,866,000","178,504,000","282,692,000","281,289,000","501,466,000","501,374,000","431,875,000","344,180,000","344,085,000","320,691,000","349,083,000","350,564,000","350,294,000","332,454,391","290,317,220","250,994,449","262,139,848","126,201,115","2,052,842","44,610,382","16,714,126","5,216,500","719,000","7,557,638","568,000","1,026,000","573,000","829,600","717,050","350,000","146,000"
Grenada,"Military Assistance, Total",,,,,,,,,,,,,,,,,,,,,,,,,,,,,,,,,,,,,,,"60,000","63,000","75,000","76,000","63,000","72,000","664,000","656,000","586,000","249,000","81,000","79,000","411,000","154,000","268,000","253,000","445,000","272,000","296,000","303,000","576,000","262,000","272,000","268,000","83,000","329,000","1,980,000"
Guatemala,"Military Assistance, Total",,,,,,,,,,"595,000","186,000","29,000","225,000","565,000","114,000","3,650,000","2,895,000","2,738,000","1,570,000","1,460,000","2,166,000","1,130,000","2,426,000","1,378,000","6,682,000","2,156,000","3,819,000","2,427,000","2,850,000","2,019,000","100,000","496,000","1,000","2,000",,,,,,"452,000","357,000","491,000","9,454,000","404,000","3,315,000","399,000","210,000","153,000","140,000",,,"948,000","1,645,000","2,305,000","1,344,000","1,448,000","1,104,000","1,151,404","1,358,000","1,105,000","1,866,000","2,331,000","2,969,000","3,231,000","9,160,000"
Guinea,"Military Assistance, Total",,,,,,,,,,,,,,,,,,,"846,000","128,000",,,"15,000",,,,,,,,,,,,,,,"48,000","90,000","3,114,000","136,000","184,000","152,000","168,000","610,000","910,000","333,000","287,000","88,000","155,000","35,000","55,000","70,000","167,000","179,000","3,254,000","266,000","210,000","482,000","592,000","576,000","482,000","351,000","238,000","4,665,000"
Guinea-Bissau,"Military Assistance, Total",,,,,,,,,,,,,,,,,,,,,,,,,,,,,,,,,,,,,"11,000","16,000","13,000","4,000",,"41,000","48,000","55,000","497,000","414,000","250,000","1,903,000","102,000","75,000","88,000","119,000","64,000",,"22,000","55,000","69,000","77,000","6,000","87,000","118,000","96,000","124,000","297,000",
Guyana,"Military Assistance, Total",,,,,,,,,,,,,,,,,,,,,,,,,,,,,,,,,,,,,"14,000","25,000",,,,,,,,"37,000","77,000","100,000","192,000","97,000","295,000","178,000","281,000","316,000","321,000","544,360","521,000","706,000","460,000","510,000","411,000","433,000","268,000","433,000","2,449,000"
Haiti,"Military Assistance, Total",,,,,,,,,"102,000","1,092,000","270,000","177,000","139,000","1,672,000","443,000","264,000","1,000",,,,,,,,,,,,"14,000","100,000","1,000","593,000","630,000","373,000","116,000","410,000","512,000","639,000","699,000","688,000","232,000","254,000",,"100,000","498,000","1,669,000",,,,"9,282,000","671,000","500,000","940,000","460,000","1,143,000","2,925,000","652,000","583,000","671,000","538,000","1,306,000","1,294,000","1,257,000","3,136,000","1,802,000"
Honduras,"Military Assistance, Total",,,,,,,,"496,000","96,000","39,000","132,000","55,000","63,000","349,000","145,000","1,495,000","860,000","406,000","863,000","1,360,000","898,000","980,000","834,000","440,000","856,000","626,000","587,000","664,000","4,167,000","3,521,000","100,000","3,158,000","3,198,000","2,246,000","3,967,000","8,937,000","20,524,000","9,782,000","910,000","67,376,000","18,191,000","3,691,000","41,104,000","1,133,000","21,120,000","33,371,000","6,202,000","1,691,110","545,086","325,000","500,000","719,000","1,939,404","2,044,419","908,000","1,592,108","1,659,404","1,917,300","4,752,000","3,408,000","2,744,000","3,656,000","5,613,000","4,138,000","4,648,000"
Hungary,"Military Assistance, Total",,,,,,,,,,,,,,,,,,,,,,,,,,,,,,,,,,,,,,,,,,,,,,"250,000","641,000","7,949,000","7,700,000","796,080","4,234,000","11,184,480","17,947,000","8,241,000","7,398,000","10,375,000","11,789,000","20,788,000","8,979,000","9,020,624","4,159,000","3,816,000","2,141,000","2,111,000","2,226,000"
Iceland,"Military Assistance, Total",,,,,,,,,,,,,,,,,,,,,,,,,,,,,,,,"17,000",,"19,000","4,000",,"8,000","9,000","22,000","22,000","27,000","22,000","18,000","20,000","8,000",,,,,,,,,,,,,,,,,,,,
India,"Military Assistance, Total",,,,,,,,,,,,,,"21,000","99,000","6,410,000","59,457,000","41,247,000","29,565,000","7,721,000",,"62,000","71,000","78,000","151,000","27,000",,"224,000","96,000","249,000","1,000","200,000","309,000","454,000","263,000","5,000","82,000","139,000","129,000","293,000","303,000","194,000","261,000","297,000","263,000","226,000","310,000","362,000","152,000","208,000","357,000","404,000","177,000","241,000","489,000","498,000","1,812,000","1,000,000","1,354,000","8,304,000","1,272,000","1,500,000","1,335,000","1,411,000","1,269,000"
Indonesia,"Military Assistance, Total",,,,"4,071,000",,"15,000","450,000","12,000","1,000",,,"3,000","18,868,000","12,278,000","17,796,000","5,996,000","8,408,000","1,544,000","124,000",,"2,502,000","4,788,000","5,428,000","8,131,000","35,109,000","31,245,000","19,905,000","19,575,000","19,852,000","53,029,000","10,600,000","39,301,000","55,915,000","35,893,000","33,332,000","32,240,000","42,336,000","27,213,000","47,233,000","34,162,000","20,919,000","1,824,000","5,664,000","1,647,000","1,791,000","26,948,000","2,125,000",,,,"577,000","105,000","476,000","486,000",,,"405,000","276,000","596,000","8,624,000","6,836,000","9,151,000","15,548,000","19,918,000","25,360,000"
Iran,"Military Assistance, Total",,,,"11,800,000","26,298,000","29,098,000","20,595,000","25,595,000","15,499,000","22,991,000","82,469,000","104,885,000","84,592,000","85,300,000","58,621,000","44,651,000","60,662,000","36,926,000","82,932,000","154,474,000","197,563,000","121,957,000","126,987,000","2,593,000","2,080,000","13,585,000","339,000","2,000",,,,,,,,,,,,,,,,,,,,,,,,,,,,,"10,000","12,000",,,,,,,
Iraq,"Military Assistance, Total",,,,,,,,,"10,495,000","5,999,000","22,149,000","9,975,000","653,000","26,000","47,000","71,000","36,000","75,000","167,000","191,000","98,000",,,,,,,,,,,,,,,,,,,,,,,,,,,,,,,"2,543,000",,,"151,000",,"1,000,000","39,709,000","1,113,000,000","1,498,288,374","5,470,378,824","4,143,064,000","4,368,965,671","2,621,000,000","1,005,989,000"
Ireland,"Military Assistance, Total",,,,,,,,,,,,,,,,,,,,,,,,,,,,,,,,,,,,,,,,,,"2,000",,"9,000",,"11,000",,,,,,,,,,,,,,,,,,,
Israel,"Military Assistance, Total",,,,,,,,,,,,,"400,000","500,000","1,000","13,200,000","13,300,000",,"12,900,000","90,000,000","7,000,000","25,000,000","85,000,000","30,000,000","545,000,000","300,000,000","300,000,000","2,482,664,000","300,000,000","1,700,000,000","200,000,000","1,000,000,000","1,000,000,000","4,000,000,000","1,000,000,000","1,400,000,000","1,400,000,000","1,700,000,000","1,700,000,000","1,400,000,000","1,722,600,000","1,800,000,000","1,800,000,000","1,800,000,000","1,865,034,000","1,842,116,000","1,865,260,000","2,114,187,408","1,802,820,785","1,805,035,064","1,810,593,426","1,803,490,798","1,801,586,763","1,880,417,863","2,841,339,744","1,988,992,620","2,061,154,704","3,088,558,641","2,165,496,735","2,231,351,741","2,257,824,873","2,341,747,266","2,381,308,148","2,382,862,919","2,799,544,121"
Italy,"Military Assistance, Total",,,,"43,397,000","403,194,000","399,500,000","424,700,000","253,919,000","93,292,000","17,292,000","19,874,000","96,526,000","175,189,000","162,933,000","186,959,000","64,836,000","169,634,000","11,686,000","874,000","9,924,000","28,000",,,,,,"11,600,000",,,,,,,,,,,,,,,,,,,,,,,,,,,,,,,,,,"48,000","10,000","66,000","300,000",
Jamaica,"Military Assistance, Total",,,,,,,,,,,,,,,,,"542,000","13,000",,"500,000",,,,,,,,,,,,,,,,"1,636,000","1,073,000","168,000","201,000","7,638,000","284,000","313,000","279,000","7,316,000","4,924,000","2,025,000","3,164,000","846,000","1,226,000","473,000","1,673,500","1,039,000","1,779,000","1,797,000","1,375,000","1,617,000","1,644,000","1,767,000","1,800,000","2,736,000","2,787,000","2,299,000","1,958,000","1,992,000","2,617,000"
Japan,"Military Assistance, Total",,,,,,,"91,900,000","71,895,000","153,700,000","208,600,000","137,780,000","92,468,000","41,454,000","135,519,000","65,431,000","165,356,000","47,220,000","8,029,000","18,165,000","1,672,000","433,000",,,,,,,,,,,,,,,,,,,,,,,,,,,,,,,,,,,,,,,,,,"8,000",,
Jordan,"Military Assistance, Total",,,,,,,,,,,,"11,792,000","26,000","5,363,000","3,976,000","3,189,000","4,602,000","5,251,000","9,079,000","22,370,000","14,398,000","377,000","14,187,000","204,000","58,584,000","56,135,000","55,136,000","46,690,000","100,262,000","134,812,000",,"127,677,000","127,091,000","110,485,000","79,168,000","44,030,000","56,967,000","52,768,000","116,776,000","91,828,000","83,085,000","1,935,000","28,185,000","11,867,000","69,859,000","21,095,000","20,585,000","9,501,000","13,829,595","33,525,379","196,804,496","62,717,931","69,930,478","159,940,261","173,046,313","76,535,000","102,090,000","641,592,721","208,773,445","307,302,000","211,265,350","210,811,000","301,320,000","238,107,000","303,772,000"
Kazakhstan,"Military Assistance, Total",,,,,,,,,,,,,,,,,,,,,,,,,,,,,,,,,,,,,,,,,,,,,,,,"163,000","514,461","7,496,606","1,021,728","1,889,000","2,837,000","2,340,000","2,067,000","4,459,000","10,523,000","4,462,000","4,397,440","5,967,000","6,125,000","16,311,540","3,027,000","12,756,000","17,242,000"
Kenya,"Military Assistance, Total",,,,,,,,,,,,,,,,,,,,,,,,,,,,,"5,359,000","30,935,000","15,000,000","15,193,000","27,374,000","10,400,000","20,501,000","6,517,000","22,911,000","11,221,000","11,500,000","21,671,000","1,479,000","3,966,000","5,941,000","977,000","1,411,000","718,000","775,000","652,000","288,000","283,000","297,000","304,000","443,000","572,000","422,000","1,443,000","15,486,000","2,096,000","9,270,000","3,976,000",,"45,000","847,000","1,587,000","2,524,000"
Kiribati,"Military Assistance, Total",,,,,,,,,,,,,,,,,,,,,,,,,,,,,,,,,,,,,,,,,,,,,,,,,,,,,,,,,,,,,,,,,"33,000"
"Korea, North","Military Assistance, Total",,,,,,,,,,,,,,,,,,,,,,,,,,,,,,,,,,,,,,,,,,,,,,,,,,,,,,,,,,"6,000",,,,,,,
"Korea, South","Military Assistance, Total",,,,"4,500,000","6,310,000","1,687,000","4,208,000","12,697,000","58,000,000","467,280,000","375,442,000","107,035,000","190,669,000","313,287,000","256,462,000","276,393,000","210,499,000","158,189,000","123,371,000","237,070,000","277,126,000","422,728,000","563,887,000","354,719,000","677,299,000","743,273,000","368,316,000","163,104,000","140,422,000","319,801,000","135,600,000","154,644,000","276,588,000","227,212,000","130,381,000","162,653,000","167,635,000","186,622,000","231,766,000","231,952,000","164,503,000","2,004,000","1,640,000","1,464,000","1,196,000","983,000","776,000","273,000","21,000","10,000","9,000",,,,,,,,,,,,,,
Kosovo,"Military Assistance, Total",,,,,,,,,,,,,,,,,,,,,,,,,,,,,,,,,,,,,,,,,,,,,,,,,,,,"800,000","1,350,000","1,550,000",,,,,,,,,,"2,127,000","3,200,000"
Kyrgyzstan,"Military Assistance, Total",,,,,,,,,,,,,,,,,,,,,,,,,,,,,,,,,,,,,,,,,,,,,,,,,"50,000","60,000","231,000","1,057,000","1,686,000","1,933,000","1,358,000","4,121,000","22,690,000","5,258,000","5,116,000","8,316,000","8,800,000","15,733,000","26,894,000","5,988,000","15,059,000"
Laos,"Military Assistance, Total",,,,,,,,,,"29,190,000","9,311,000","15,338,000","8,174,000","19,893,000","46,505,000","61,180,000","4,009,000","25,572,000","50,672,000","68,886,000","83,032,000","85,005,000","95,739,000","140,913,000","200,387,000","286,555,000","287,194,000","66,663,000","12,391,000",,,,,,,,,,,,,,,,,,,"10,000",,,"500,000",,,,,,"21,000",,,,,"40,000","63,000","104,000","71,000"
Latin America & Caribbean (not specified),"Military Assistance, Total",,,,,,,,,,,,,,,,,,,,,,,,,,,,,,,,,,,,,,,,,,,,,,,,,,,,,,,,,,,,"6,485,777","22,000",,,,
Latvia,"Military Assistance, Total",,,,,,,,,,,,,,,,,,,,,,,,,,,,,,,,,,,,,,,,,,,,,,,"46,000","113,000","345,689","1,171,418","5,113,073","2,035,000","7,701,000","5,429,000","4,871,330","6,030,216","7,297,000","10,341,000","8,323,000","7,006,000","7,264,000","4,976,000","2,540,000","2,577,000","3,600,000"
Lebanon,"Military Assistance, Total",,,,,,,,,,,"3,800,000","3,090,000","1,440,000","589,000","44,000","37,000","72,000","56,000","80,000","73,000","48,000","95,000","77,000","78,000","4,472,000","9,352,000","689,000","172,000","175,000","121,000",,"25,032,000","460,000","43,040,000","22,376,000","20,321,000","10,544,000","101,552,000","15,490,000","668,000","449,000","477,000","384,000","353,000","116,000",,,"591,000","304,000","8,144,482","5,612,600","2,719,519","550,000","554,000","582,000","546,000","568,000","700,000","700,000","809,000","30,973,640","9,092,000","8,419,000","60,478,000","2,500,000"
Lesotho,"Military Assistance, Total",,,,,,,,,,,,,,,,,,,,,,,,,,,,,,,,,,,,,,,,,,"48,000","59,000","53,000","60,000","309,000","129,000","130,000",,"32,000","72,000","76,000","75,000","74,000","86,000","78,000","96,000","52,000",,,"50,000","107,000","179,000","246,000","177,000"
Liberia,"Military Assistance, Total",,,,,,,,,,"600,000","530,000","1,000","35,000","200,000","953,000","1,512,000","125,000","430,000","1,078,000","614,000","775,000","661,000","531,000","512,000","670,000","2,369,000","207,000","113,000","1,892,000","1,795,000","1,000","597,000","687,000","1,443,000","3,656,000","5,296,000","7,594,000","6,271,000","761,000","13,160,000","830,000","268,000","198,000","221,000",,,,,,,,,,,,,,,,"27,976,000","22,404,000","55,532,000","179,136,000","102,146,000","27,850,000"
Libya,"Military Assistance, Total",,,,,,,,,,,,"1,420,000","636,000","1,446,000","900,000","1,546,000","1,124,000","2,172,000","2,304,000","2,467,000","1,907,000","1,201,000","327,000","137,000",,,,,,,,,,,,,,,,,,,,,,,,,,,,,,,,,,,,,,,,"10,000","469,000"
Lithuania,"Military Assistance, Total",,,,,,,,,,,,,,,,,,,,,,,,,,,,,,,,,,,,,,,,,,,,,,,"72,000","148,000","150,000","1,168,562","3,411,427","2,067,600","9,977,404","5,522,152","5,521,960","7,283,832","7,612,000","11,691,100","7,732,000","7,396,000","5,734,000","6,543,000","2,633,000","2,761,000","3,800,000"
"Macedonia, Former Yugoslav Republic","Military Assistance, Total",,,,,,,,,,,,,,,,,,,,,,,,,,,,,,,,,,,,,,,,,,,,,,,,,,"125,000","999,000","1,967,000","21,288,315","7,380,839","504,000","14,160,000","11,079,000","12,582,000","8,800,000","6,201,000","5,384,000","4,685,000","3,403,000","3,513,000","5,411,000"
Madagascar,"Military Assistance, Total",,,,,,,,,,,,,,,,,,,,,,,,,,,,,,,,,,,,,,"17,000","50,000","2,105,000","77,000","80,000","76,000","87,000","539,000","213,000","151,000","274,000",,,"102,000","113,000","146,000","115,000","160,000","446,000","208,000","209,000","333,000","1,203,000","751,000","430,000","400,000","59,000",
Malawi,"Military Assistance, Total",,,,,,,,,,,,,,,,,,,,,,,,,,,,,,,,,,,"18,000","21,000","67,000","148,000","184,000","1,190,000","187,000","158,000","665,000","216,000","1,523,000","244,000","131,000","108,000","125,000","125,000","154,000","797,000","1,184,000","332,000","345,000","388,000","385,000","312,000","415,000","512,000","595,000","505,000","432,000","415,000","300,000"
Malaysia,"Military Assistance, Total",,,,,,,,,,,,,,,,,,,"81,000","4,189,000","11,770,000","183,000","165,000","170,000","2,224,000","10,587,000","10,176,000","18,927,000","4,324,000","17,326,000",,"36,271,000","17,094,000","8,020,000","7,275,000","10,297,000","10,491,000","4,608,000","10,860,000","952,000","853,000","913,000","850,000","932,000","947,000",,,,"318,000","504,000","613,000","631,000","939,000","913,000","869,000","1,399,000","1,161,000","1,171,000","1,536,000","8,157,000","2,877,000","1,906,000","1,537,000","1,807,000","1,573,000"
Maldives,"Military Assistance, Total",,,,,,,,,,,,,,,,,,,,,,,,,,,,,,,,,,,,,,"15,000","23,000","23,000","31,000","30,000","29,000","36,000","46,000","49,000","105,000","102,000",,"50,000","80,000","85,000","101,000","94,000","100,000","110,000","125,000","139,000","181,000","3,387,000","173,000","169,000","168,000","145,000","203,000"
Mali,"Military Assistance, Total",,,,,,,,,,,,,,,"1,220,000","194,000","69,000","93,000","440,000","843,000","66,000",,"1,000","45,000","6,000","91,000","4,000",,,,,,,"73,000","101,000","105,000","99,000","122,000","144,000","146,000","147,000","141,000","141,000","167,000","161,000","245,000","221,000","945,000","134,000","163,000","155,000","152,000","1,875,000","974,000","270,000","555,000","342,000","309,000",,,,"51,000","237,000","1,930,000","611,000"
Malta,"Military Assistance, Total",,,,,,,,,,,,,,,,,,,,,,,,,,,,,,,,"500,000",,,,,,,,,,,,"75,000","28,000","23,000","11,000","53,000","18,000","58,000","30,000","104,000","91,000","409,000","550,000","3,129,000","295,000","5,292,000",,,"5,000","155,000","219,000","768,000","1,889,000"
Marshall Islands,"Military Assistance, Total",,,,,,,,,,,,,,,,,,,,,,,,,,,,,,,,,,,,,,,,,,,,,,,,,,,,,,,,,,,,,,,,"59,000","34,000"
Mauritania,"Military Assistance, Total",,,,,,,,,,,,,,,,,,,,,,,,,,,,,,,,,,,,"26,000","29,000","57,000","74,000","60,000","60,000","60,000","95,000","116,000","107,000","84,000",,,,,,,,,,"83,000","130,000","131,000","231,000","112,000",,"572,000","419,000","900,000","407,000"
Mauritius,"Military Assistance, Total",,,,,,,,,,,,,,,,,,,,,,,,,"1,000",,,,,,,,,,,,,,,,,,,,,"650,000","92,000","65,000",,,,"22,000","63,000","95,000","79,000","86,000","93,000","110,000","144,000","108,000","388,000","294,000","149,000","190,000","150,000"
Mexico,"Military Assistance, Total",,,,,,,,,,,,"1,000","500,000","2,770,000","669,000","723,000","500,000","252,000","184,000","251,000","83,000","108,000","1,487,000","89,000","4,480,000","2,006,000","11,000","31,000","110,000","100,000","1,000","118,000","115,000","173,000","121,000","101,000","82,000","61,000","160,000","214,000","188,000","257,000","172,000","245,000","11,500,000","881,000","17,310,000","721,000","201,000","400,000","2,374,439","47,158,000","23,819,000","21,734,000","19,289,000","22,782,800","19,248,000","14,917,000","10,970,000","10,893,000","15,174,000","15,565,000","12,528,000","68,041,000","95,988,000"
Micronesia (Federated States of),"Military Assistance, Total",,,,,,,,,,,,,,,,,,,,,,,,,,,,,,,,,,,,,,,,,,,,,,,,,,,,,,,,,,,,,,,"29,000",,"532,000"
Middle East & North Africa (not specified),"Military Assistance, Total",,,,,,,,,,,,,,,,,,,,,,,,,,,,,,,,,,,,,,,,,,,,,,,,,,,,,,,,,,,,"19,956,000","19,000,000","21,000,000","24,798,000","27,000,000","26,000,000"
Moldova,"Military Assistance, Total",,,,,,,,,,,,,,,,,,,,,,,,,,,,,,,,,,,,,,,,,,,,,,,,,"57,000","106,000","273,000","1,068,000","3,961,060","1,735,000","1,737,000","4,225,000","3,969,000","2,083,359","2,201,000","2,050,000","2,494,000","1,460,000","1,110,000","1,174,000","1,481,000"
Mongolia,"Military Assistance, Total",,,,,,,,,,,,,,,,,,,,,,,,,,,,,,,,,,,,,,,,,,,,,,,"108,000","108,000","50,000","98,000","70,000","365,000","425,000","429,000","862,000","3,082,000","2,686,000","2,107,000","2,866,000","3,610,000","3,834,000","4,889,000","1,914,000","2,013,000","5,506,000"
Montenegro,"Military Assistance, Total",,,,,,,,,,,,,,,,,,,,,,,,,,,,,,,,,,,,,,,,,,,,,,,,,,,,,,,,,,,,,,,,"947,000","1,598,000"
Morocco,"Military Assistance, Total",,,,,,,,,,,,,,"698,000","7,610,000","7,335,000","5,087,000","2,375,000","12,659,000","10,946,000","17,404,000","1,750,000","11,988,000","794,000","15,733,000","15,822,000","9,937,000","3,549,000","14,822,000","30,893,000","200,000","30,785,000","44,062,000","45,941,000","25,920,000","34,402,000","31,095,000","76,270,000","40,299,000","49,406,000","2,427,000","13,477,000","52,881,000","52,933,000","44,063,000","40,914,000","23,034,000","53,994,964","32,924,824","4,186,902","24,155,890","5,846,712","5,405,042","8,586,732","5,074,877","9,006,338","8,146,464","18,518,430","13,009,959","19,551,301","18,206,540","27,094,851","16,341,123","14,536,383","12,322,247"
Mozambique,"Military Assistance, Total",,,,,,,,,,,,,,,,,,,,,,,,,,,,,,,,,,,,,,,,,,,,,,"87,000","185,000","176,000","750,625","171,168","403,000","204,000","178,000","184,000","178,000","200,000","153,000","236,000","243,000","845,000","815,000","1,146,000","282,000","430,000","450,000"
Namibia,"Military Assistance, Total",,,,,,,,,,,,,,,,,,,,,,,,,,,,,,,,,,,,,,,,,,,,,,"3,190,000","317,000","900,000","220,000","396,000","590,000","188,000","203,000","145,000","175,000","193,000","208,000","175,000",,,,"30,000","58,000","154,000","140,000"
Nepal,"Military Assistance, Total",,,,,,,,,,,,,,,,,,"386,000","226,000","339,000","846,000","13,000","13,000","5,000","12,000","24,000","33,000","25,000","28,000","41,000","1,000","29,000","64,000","51,000","26,000","62,000","87,000","74,000","108,000","122,000","86,000","104,000","100,000","99,000","123,000","197,000","179,000","149,000","246,000","96,000","140,000","196,000","996,000","689,000","216,000","834,000","14,377,000","3,650,000","4,521,000","1,627,000","637,000","788,000","853,000","743,000","1,696,000"
Netherlands,"Military Assistance, Total",,,,"62,795,000","411,595,000","348,800,000","88,700,000","9,811,000","65,280,000","17,099,000","7,999,000","75,743,000","61,491,000","59,796,000","34,694,000","10,394,000","27,010,000","2,393,000","1,015,000","60,000","28,000",,,,,,,,,,,,,,,,,,,,,,,,,,,,,"133,000",,,,,,,,,"66,000","65,000",,"38,000",,"57,000",
New Zealand,"Military Assistance, Total",,,,,,,,,,,,,,,,,"1,500,000",,,,,,,,"2,800,000",,,,,,,,,,,,,,,,,,,,,,,,,,,,,,,,,,,,,,,,
Nicaragua,"Military Assistance, Total",,,,,,,,"464,000","100,000","129,000","249,000","273,000","116,000","334,000","503,000","1,916,000","1,215,000","1,306,000","1,388,000","1,286,000","1,112,000","1,132,000","815,000","1,215,000","1,617,000","1,013,000","2,960,000","1,966,000","4,279,000","3,588,000","200,000","3,212,000","399,000","11,000",,,,,,,,,,,,,,,,,,"57,000","76,000","1,450,000","210,000","337,000","1,063,000","1,801,404","1,958,000","1,255,000","1,850,000","4,649,000","4,302,000","6,411,000","3,047,000"
Niger,"Military Assistance, Total",,,,,,,,,,,,,,,,"53,000","3,000",,,,,"6,000",,,,,,,,,,,,,,"2,510,000","2,327,000","1,409,000","194,000","5,203,000","216,000","241,000","1,248,000","238,000","2,178,000","3,014,000","979,000","949,000","200,000","189,000","11,000",,,,"56,308","102,000","132,000","103,000",,"1,880,000","290,000","58,000","99,000","63,000",
Nigeria,"Military Assistance, Total",,,,,,,,,,,,,,,,"5,000","43,000","569,000","270,000","327,000","203,000","17,000","29,000","48,000","201,000","98,000",,,,,,,,,,,,,,,"94,000","95,000","90,000","98,000","100,000","205,000","378,000","139,000",,,,,,"90,000","10,525,000","16,227,000","6,750,000","96,000",,"1,250,000","1,998,000","1,895,000","2,151,000","3,261,000","2,866,000"
Norway,"Military Assistance, Total",,,,"72,799,000","250,591,000","79,700,000","61,092,000","19,700,000","54,800,000","42,700,000","14,470,000","14,393,000","23,372,000","47,322,000","63,814,000","45,339,000","30,679,000","35,822,000","34,608,000","33,984,000","18,579,000",,,,,,,,,,,,,,,,,,,,,,,,,,,,,,,,,,,,,,,,,,,,
Oceania (not specified),"Military Assistance, Total",,,,,,,,,,,,,,,,,,,,,,,,,,,,,,,,,,,,,,,,"300,000",,,,,,,,,,,,,,,,,,,,,,,"112,000","75,000","71,000"
Oman,"Military Assistance, Total",,,,,,,,,,,,,,,,,,,,,,,,,,,,,,,,,,,"25,012,000","25,002,000","30,079,000","30,083,000","40,124,000","40,128,000","9,181,000","31,000","100,000","71,000","164,000","3,214,000","597,000","1,092,000","186,194","131,000","681,100","668,787","4,446,885","904,787","252,000","340,000","25,558,000","81,631,000","25,680,000","25,207,000","18,277,000","14,602,000","6,121,000","8,438,000","10,372,000"
Pakistan,"Military Assistance, Total",,,,,,,,,"39,801,000","166,799,000","69,673,000","87,440,000","61,058,000","38,829,000","44,512,000","94,865,000","51,142,000","33,203,000","13,944,000","1,546,000","5,000,000","5,108,000","103,000","188,000","166,000","99,000","299,000","232,000","258,000","402,000","100,000","310,000","547,000","464,000",,,"574,000","260,777,000","300,770,000","325,971,000","311,952,000","313,560,000","260,832,000","230,922,000","184,875,000",,"2,550,000",,,,,,,"2,055,000","937,000","143,000","76,464,000","264,173,117","86,579,929","323,003,342","327,148,500","349,002,786","429,933,539","454,459,000","913,899,800"
Panama,"Military Assistance, Total",,,,,,,,,,,,,,,"85,000","651,000","384,000","233,000","242,000","552,000","474,000","216,000","283,000","1,022,000","1,561,000","701,000","764,000","922,000","557,000","787,000","200,000","3,125,000","452,000","1,395,000","273,000","328,000","5,360,000","5,466,000","5,453,000","10,571,000","4,339,000","556,000",,,,,,,,"204,978",,"2,554,000","2,843,000","3,606,000","1,693,000","7,426,000","1,596,404","3,774,000","4,260,300","2,859,000","5,815,911","4,140,000","4,343,000","5,278,000","7,828,000"
Papua New Guinea,"Military Assistance, Total",,,,,,,,,,,,,,,,,,,,,,,,,,,,,,,,,,,"8,000","8,000","17,000","21,000","44,000","54,000","40,000","61,000","40,000","48,000","42,000","143,000","97,000","100,000","50,000","125,000","162,000","111,000","173,000","156,000","177,000","160,000","206,000","256,000","292,000","295,000","288,000","241,000","250,000","243,000","317,000"
Paraguay,"Military Assistance, Total",,,,,,,,,,,,,"318,000","73,000","431,000","886,000","1,412,000","1,240,000","2,861,000","1,959,000","960,000","1,339,000","1,158,000","1,182,000","4,067,000","2,673,000","1,950,000","2,356,000","1,031,000","2,520,000","900,000","636,000","619,000","9,000","3,000",,"9,000","55,000","75,000","94,000","85,000","105,000","118,000","205,000","212,000","120,000","497,000","407,990","89,000","134,278","158,765","1,229,000","736,000","508,000","388,000","1,138,000","708,000","835,000","340,000","488,000","1,215,000","1,663,000","2,551,000","1,661,000","2,604,000"
Peru,"Military Assistance, Total",,,,,,"3,700,000","5,494,000","2,299,000","4,491,000","8,099,000","12,641,000","10,572,000","8,013,000","2,529,000","19,419,000","20,864,000","16,464,000","9,483,000","12,093,000","10,092,000","5,148,000","1,501,000","543,000","555,000","506,000","923,000","722,000","15,942,000","21,300,000","21,011,000","20,300,000","10,986,000","8,779,000","5,398,000","3,289,000","4,278,000","4,953,000","4,486,000","10,685,000","8,526,000","538,000","143,000","378,000","47,000","1,137,000","6,253,000","112,000",,,"325,000","3,344,181","42,615,000","27,442,000","32,273,200","11,307,000","11,510,000","13,300,626","10,340,000","9,112,000","7,260,000","11,937,000","8,028,000","11,039,284","10,056,000","23,895,000"
Philippines,"Military Assistance, Total","25,000,000","47,600,000","59,100,000","16,893,000","23,498,000","48,792,000","16,500,000","6,200,000","11,999,000","33,179,000","12,249,000","30,938,000","25,029,000","34,905,000","42,898,000","15,540,000","22,089,000","22,737,000","22,819,000","24,594,000","32,731,000","29,747,000","21,229,000","27,079,000","17,919,000","20,465,000","49,418,000","26,375,000","34,334,000","41,239,000","21,600,000","36,715,000","36,442,000","32,067,000","75,374,000","75,046,000","51,875,000","51,917,000","52,203,000","27,202,000","2,438,000","9,597,000","127,414,000","2,534,000","152,782,000","195,459,000","31,336,000","17,539,000","877,200","2,142,710","1,210,263","1,295,000","1,278,000","10,508,300","4,823,760","10,480,491","56,458,477","54,124,400","38,059,000","38,253,000","37,367,000","43,851,000","32,311,000","32,593,000","35,553,000"
Poland,"Military Assistance, Total",,,,,,,,,,,,,,,,,,,,,,,,,,,,,,,,,,,,,,,,,,,,,,"351,000","711,000","684,000","700,000","1,747,000","17,496,000","13,587,000","126,018,000","107,981,000","72,719,316","13,592,000","41,198,200","3,830,072,000","35,198,000","89,986,116","31,840,000","30,525,000","29,050,000","29,219,000","55,632,194"
Portugal,"Military Assistance, Total",,,,,"92,601,000","85,094,000","61,498,000","10,095,000","5,400,000","6,500,000","13,080,000","1,136,000","15,284,000","23,562,000","9,880,000","6,997,000","6,018,000","3,960,000","1,075,000","4,098,000","963,000","531,000","2,169,000","1,074,000","911,000","7,474,000","1,000,000","753,000","456,000","2,335,000","500,000","31,591,000","25,141,000","30,758,000","33,060,000","52,970,000","57,344,000","80,014,000","58,093,000","127,992,000","45,279,000","2,475,000","85,063,000","102,590,000","87,016,000","100,815,000","102,095,000","91,413,120","81,635,280","3,364,042","22,389,026","3,075,667","48,710,006","11,073,200","694,906","707,462","720,000","850,000","3,221,701","821,000","593,000","556,000","749,000","475,000","95,000"
Romania,"Military Assistance, Total",,,,,,,,,,,,,,,,,,,,,,,,,,,,,,,,,,,,,,,,,,,,,,,,"309,000","312,000","4,797,329","10,033,000","7,422,000","14,994,000","7,611,000","7,293,000","18,206,000","10,356,000","26,551,000","10,473,000","15,585,000","14,297,000","15,926,000","14,678,000","13,646,000","15,132,000"
Russia,"Military Assistance, Total",,,,,,,,,,,,,,,,,,,,,,,,,,,,,,,,,,,,,,,,,,,,,,,"3,528,305","17,111,296","11,223,253","41,217,269","45,544,814","18,054,500","38,805,468","52,057,865","113,661,562","92,702,890","65,230,862","58,110,861","71,954,840","75,731,772","159,111,878","112,648,359","216,000","83,092,861","126,769,695"
Rwanda,"Military Assistance, Total",,,,,,,,,,,,,,,,,,,,,,,,,,,,,,,,,,,"52,000","1,533,000","5,000","62,000","2,000","67,000","75,000","100,000","75,000","99,000","242,000","243,000","78,000","666,000","75,000","350,000","643,000","359,000","540,440","314,000","164,000",,,"162,000","298,000","7,546,000","285,000","654,000","391,000","425,000","712,000"
Samoa,"Military Assistance, Total",,,,,,,,,,,,,,,,,,,,,,,,,,,,,,,,,,,,,,,,,,,,,,,,"48,000","15,000","48,000","79,000","95,000","96,000","105,000","85,000","88,000","113,000","76,000",,,,"39,000","17,000","51,000","36,000"
Sao Tome & Principe,"Military Assistance, Total",,,,,,,,,,,,,,,,,,,,,,,,,,,,,,,,,,,,,,,,,"53,000","43,000","50,000","55,000","295,000","146,000","251,000","365,000",,"29,000","75,000","72,000","74,000","86,000","45,000","101,000","112,000","680,000","188,000","194,000","413,000","220,000","125,000","559,000","566,000"
Saudi Arabia,"Military Assistance, Total",,,,,,,,,,,"4,830,000","40,640,000","16,609,000","2,382,000","7,592,000","6,434,000","6,710,000","3,365,000","1,256,000","73,366,000","86,168,000","30,755,000","536,000","491,000","12,782,000","429,000","179,000","169,000","37,000",,,,,,,,,,,,,,,,,,,,,,,,,,,,"24,000","22,000","24,000",,,,,"11,000","7,000"
Senegal,"Military Assistance, Total",,,,,,,,,,,,,,,"11,000","1,890,000","241,000","94,000","174,000","323,000","7,000",,"7,000","16,000",,,"19,000","7,000","34,000","29,000","1,000","8,030,000","53,000","115,000","162,000","182,000","313,000","308,000","477,000","3,536,000","481,000","487,000","1,189,000","439,000","2,355,000","5,587,000","14,095,000","7,698,518","450,000","976,000","637,000","2,662,000","5,138,000","3,446,000","1,799,663","3,767,462","2,519,000","2,859,375","2,175,000","1,531,000","2,256,950","3,407,850","1,837,457","1,312,000","3,693,691"
Serbia,"Military Assistance, Total",,,,,,,,,,,,,,,,,,,,,,,,,,,,,,,,,,,,,,,,,,,,,,,,,,,,,,,,,,,,,,"75,000","268,000","1,684,000","1,903,000"
"Serbia and Montenegro, Former","Military Assistance, Total",,,,,"77,500,000","232,500,000","166,582,000","128,696,000","57,592,000","15,672,000","38,575,000","4,312,000","2,000","1,000",,"300,000","200,000","900,000",,,,,,,,,,,,,,,,,"36,000","25,000","152,000","96,000","66,000","100,000","54,000","48,000","67,000","36,000","26,000","85,000",,,,,"18,550,000","13,000,000","27,800,000","36,500,000",,,,,,,,,"160,000","230,000","249,000"
Seychelles,"Military Assistance, Total",,,,,,,,,,,,,,,,,,,,,,,,,,,,,,,,,,,,,,,,"17,000","20,000","39,000","13,000",,"87,000","406,000","130,000","238,000",,"10,000","31,000","50,000","79,000","103,000","270,000","60,000","40,000","53,000","98,000","4,273,000","373,000","226,000","99,000","98,000","118,000"
Sierra Leone,"Military Assistance, Total",,,,,,,,,,,,,,,,,,,,,,,,,,,,,,,,,,,,,"22,000","31,000","40,000","60,000","59,000","69,000","71,000","77,000","408,000","2,971,000","148,000","284,000",,"52,000","134,000","3,000",,"1,687,000","380,000","130,000","177,000","358,000","715,000","267,000","411,000","385,000","401,000","971,000","1,022,000"
Singapore,"Military Assistance, Total",,,,,,,,,,,,,,,,,,,,,,"13,000,000","6,000,000",,,"1,900,000",,,,,,,,,,"7,000","47,000","43,000","55,000","50,000","47,000","41,000","47,000","48,000","47,000","19,000","15,000","20,000","10,000","20,000","20,000",,,,,,,,,,,,,,
Slovakia,"Military Assistance, Total",,,,,,,,,,,,,,,,,,,,,,,,,,,,,,,,,,,,,,,,,,,,,,,,"128,000","296,000","263,083","4,021,000","6,621,000","3,821,000","3,823,000","3,433,000","11,877,000","9,095,000","15,420,000","7,678,000","6,053,000","4,920,000","4,790,000","2,105,000","2,026,000","2,214,000"
Slovenia,"Military Assistance, Total",,,,,,,,,,,,,,,,,,,,,,,,,,,,,,,,,,,,,,,,,,,,,,,,"82,000","113,000","150,000","653,000","1,400,000","3,154,000","3,076,000","2,579,000","6,159,000","4,827,000","4,935,000","2,924,000","2,466,000","1,389,000","1,302,000","1,221,000","1,197,000","1,277,000"
Solomon Islands,"Military Assistance, Total",,,,,,,,,,,,,,,,,,,,,,,,,,,,,,,,,,,,,,,"26,000","29,000","8,000","22,000","23,000","24,000","38,000","43,000","13,000","20,000","8,000","101,000","85,000","146,000","122,000","157,000","53,000","62,000","146,000","151,000","45,000","145,000","149,000","42,000","58,000","74,000","35,000"
Somalia,"Military Assistance, Total",,,,,,,,,,,,,,,,,,,,,,,,,,,,,,,,,,,"20,000,000","20,356,000","10,445,000","5,570,000","1,023,000","34,095,000","942,000","618,000","6,386,000","750,000",,,,"4,115,000","3,750,000",,,,,,,,,,,"3,842,000",,"49,600,000","48,301,613","516,076,000","204,000,000"
South Africa,"Military Assistance, Total",,,,,,,,,,,,,,,,,,,,,,,,,,,,,,,,,,,,,,,,,,,,,,,,,"104,000","297,000","8,577,401","656,000","1,154,000","1,322,000","1,154,000","2,200,000","8,171,000","7,208,000",,,"15,000","47,000","873,000","1,164,000","1,645,000"
Spain,"Military Assistance, Total",,,,,,,,"138,999,000","12,091,000","157,800,000","59,769,000","12,180,000","20,129,000","54,968,000","43,580,000","40,876,000","31,728,000","34,030,000","8,026,000","23,415,000","19,039,000","27,917,000","2,172,000","40,978,000","25,023,000","80,135,000","57,763,000","25,627,000","2,484,000","602,000","1,000","133,595,000","134,747,000","164,640,000","126,017,000","125,264,000","127,559,000","402,726,000","402,975,000","402,867,000","385,076,000","107,825,000","2,431,000","1,887,000","1,955,000","1,507,000","928,000","240,000","49,000","52,000","49,000",,,,,,,,"1,000",,"12,000","156,000","10,000","12,000",
Sri Lanka,"Military Assistance, Total",,,,,,,,,,,,,,,,,,,,,,"343,000","79,000","44,000","2,930,000",,"226,000","12,000",,,,"6,000","62,000","24,000","21,000","67,000","2,102,000","96,000","144,000","148,000","157,000","154,000","162,000","163,000","188,000","240,000","224,000","388,000","100,000","96,000","179,000","200,000","214,000","5,547,800","203,000","252,000","259,000","3,615,000","3,046,000","7,727,000","1,516,000","1,467,000","603,000","400,000","1,731,000"
St. Kitts and Nevis,"Military Assistance, Total",,,,,,,,,,,,,,,,,,,,,,,,,,,,,,,,,,,,,,,"32,000","26,000","32,000","53,000","61,000","47,000","560,000","625,000","561,000","250,000","81,000","79,000","125,000","163,000","316,000","228,000","202,000","326,000","352,000","364,000","641,000","294,000","286,000","289,000","81,000","163,000","2,250,000"
St. Lucia,"Military Assistance, Total",,,,,,,,,,,,,,,,,,,,,,,,,,,,,,,,,,,,"2,000","8,000","14,000","42,000","48,000","48,000","35,000","19,000","44,000","543,000","573,000","542,000","659,000","227,000","86,000","118,000","148,000","360,000","354,000","346,000","319,000","366,000","377,000","684,000","281,000","432,000","288,000","72,000","1,715,000","606,000"
St. Vincent and Grenadines,"Military Assistance, Total",,,,,,,,,,,,,,,,,,,,,,,,,,,,,,,,,,,,,"1,000","31,000","44,000","51,000","51,000","49,000","43,000","44,000","540,000","622,000","574,000","153,000","89,000","80,000","124,000","193,000","286,000","204,000","202,000","220,000","170,000",,,,,"67,000","77,000","343,000","1,997,000"
Sub-Saharan Africa (not specified),"Military Assistance, Total",,,,,,,,,,,,,,,,,,,,,,,,,,,,,,,,,,,,,,,,,,,"3,000,000",,,,,,,,,,,,,,,,,"39,220,000","42,784,000","13,750,000","54,569,000","87,250,000","120,816,808"
Sudan,"Military Assistance, Total",,,,,,,,,,,,,,"10,000","7,000","38,000","31,000","31,000","312,000","134,000","1,631,000",,,,,,"11,000","14,000",,,,"83,000","211,000","5,290,000","25,417,000","32,237,000","88,108,000","1,197,000","1,447,000","46,378,000","861,000","946,000","750,000","154,000",,,,,,,,,,,,,,,,"157,304,000","149,808,000","370,096,000","419,423,660","68,680,000","104,933,705"
Suriname,"Military Assistance, Total",,,,,,,,,,,,,,,,,,,,,,,,,,,,,,,,,,,"15,000","18,000","19,000",,,"42,000","34,000",,,,,,,,,"28,000","160,000","149,000","82,000","100,000","155,000","129,000","318,000","495,310","355,000","308,000","380,000","288,000","232,000","593,000","1,478,000"
Swaziland,"Military Assistance, Total",,,,,,,,,,,,,,,,,,,,,,,,,,,,,,,,,,,,,,,"50,000","50,000","42,000","65,000","52,000","61,000","55,000","128,000","181,000","147,000",,"57,000","50,000","85,000","93,000","91,000","105,000","98,000","84,000","100,000","131,000","292,000","223,000","246,000","160,000","315,000","167,000"
Syria,"Military Assistance, Total",,,,,,,,,,,,,,,,,,"16,000","20,000","19,000","6,000",,,,,,,,,,,,,,,,,,,,,,,,,,,,,,,,,,,,,,,,,,,,
Tajikistan,"Military Assistance, Total",,,,,,,,,,,,,,,,,,,,,,,,,,,,,,,,,,,,,,,,,,,,,,,,,,,,,,,,,"7,739,000","851,000","2,349,000","10,483,000","7,305,000","6,843,000","26,141,000","2,286,000","16,539,000"
Tanzania,"Military Assistance, Total",,,,,,,,,,,,,,,,,,,,,,,,,,,,,,,,,,,,,,,,,,,"17,000","58,000","140,000","60,000","163,000","277,000","114,000","81,000","126,000","5,000","185,000","181,000","167,000","214,000","275,000","210,000",,"3,092,000",,"66,000","300,000","475,000","1,097,000"
Thailand,"Military Assistance, Total",,,,"9,700,000","46,695,000","31,595,000","24,291,000","42,499,000","45,598,000","45,595,000","16,154,000","14,299,000","16,394,000","40,404,000","60,932,000","78,407,000","64,451,000","35,993,000","30,443,000","51,566,000","69,640,000","89,811,000","96,414,000","105,930,000","94,587,000","118,949,000","61,887,000","34,541,000","40,392,000","102,919,000","38,100,000","46,967,000","37,862,000","32,291,000","38,552,000","54,492,000","76,253,000","78,584,000","96,210,000","102,319,000","82,661,000","2,301,000","45,610,000","2,183,000","5,550,000","679,000",,"2,339,000","895,000","2,299,000","1,445,000","1,600,000","6,416,040","3,134,000","14,067,000","16,438,891","14,391,154","14,660,000","7,153,000","12,473,000","8,538,000","2,676,000","4,998,000","7,150,000","5,695,000"
Timor-Leste,"Military Assistance, Total",,,,,,,,,,,,,,,,,,,,,,,,,,,,,,,,,,,,,,,,,,,,,,,,,,,,,,"9,000,000",,,"43,000","2,109,000","2,579,000","2,578,000","1,182,000","729,000","127,000","270,000","803,000"
Togo,"Military Assistance, Total",,,,,,,,,,,,,,,,,,,,,,,,,,,,,,,,"23,000",,,"30,000","32,000","36,000","49,000","31,000","37,000","51,000","72,000","62,000","102,000","290,000","284,000",,,,,,"25,000",,,,"52,000","83,000","136,000","404,000","14,000","237,000","81,000","105,000","148,000","224,000"
Tonga,"Military Assistance, Total",,,,,,,,,,,,,,,,,,,,,,,,,,,,,,,,,,,,,,,"30,000","47,000","38,000","44,000","33,000","28,000","34,000","82,000","56,000","61,000","15,000","50,000","85,000","105,000","99,000","99,000","103,000","100,000","115,000","127,000","636,000","388,000","361,000","622,000","655,000","688,000","691,000"
Trinidad & Tobago,"Military Assistance, Total",,,,,,,,,,,,,,,,,,,,,,,,,,,,,,,,,,,,,,,,"39,000","50,000","65,000","53,000","10,000","692,000","565,000","538,000","599,000","176,000","95,000","383,000","568,000","1,625,394","379,000","1,212,000","975,000","704,000","702,000","148,000","116,000","108,000","158,000","226,000","231,000","1,028,000"
Tunisia,"Military Assistance, Total",,,,,,,,,,,,,"1,300,000","1,300,000","6,828,000","7,103,000","1,636,000","436,000","302,000","800,000","8,459,000","2,897,000","3,891,000","3,807,000","5,451,000","4,225,000","2,218,000","4,348,000","7,149,000","25,687,000","10,100,000","25,389,000","25,938,000","21,053,000","15,644,000","15,627,000","96,191,000","88,177,000","93,546,000","66,514,000","12,107,000","1,462,000","28,160,000","31,402,000","31,298,000","11,623,000","11,125,000","11,758,603","1,786,720","6,843,626","6,562,246","2,253,873","33,147,145","7,353,643","7,146,950","8,594,000","9,984,000","6,400,000","13,099,800","12,267,000","10,260,000","10,295,000","10,056,000","14,468,000","20,313,000"
Turkey,"Military Assistance, Total",,"68,800,000","83,500,000","110,299,000","169,998,000","189,394,000","166,700,000","340,800,000","22,391,000","189,498,000","91,051,000","154,628,000","210,046,000","136,713,000","151,586,000","187,929,000","182,512,000","121,306,000","146,737,000","149,286,000","187,644,000","172,273,000","179,179,000","181,179,000","213,753,000","222,136,000","241,850,000","194,838,000","106,181,000","125,000,000","125,000,000","125,000,000","175,104,000","181,496,000","206,307,000","252,671,000","346,386,000","292,966,000","588,237,000","703,297,000","412,528,000","181,316,000","493,461,000","434,158,000","501,221,000","635,381,000","503,288,000","487,014,761","412,511,509","361,110,579","432,478,450","177,154,528","5,723,536","15,582,057","3,690,294","1,836,660","71,592,044","20,405,393","39,997,000","37,444,000","17,875,000","17,807,000","9,772,000","4,319,000","5,116,000"
Turkmenistan,"Military Assistance, Total",,,,,,,,,,,,,,,,,,,,,,,,,,,,,,,,,,,,,,,,,,,,,,,,,"50,000","118,000","213,000","762,000","786,000","1,142,000","1,296,000","1,918,000","463,000","906,000","783,000","5,962,000","1,273,000","4,670,000","9,782,000","1,303,000","10,363,000"
Uganda,"Military Assistance, Total",,,,,,,,,,,,,,,,,,,,,,,,,,,,,,,,,,,,"26,000","55,000","70,000","60,000","6,000",,"101,000","99,000","94,000","120,000","190,000","250,000","623,000","128,000","138,000","4,322,000","4,307,000","4,257,000","305,000","247,000",,,"1,088,486","2,661,000","2,277,000","390,000","383,000","624,000","5,023,000","36,301,000"
Ukraine,"Military Assistance, Total",,,,,,,,,,,,,,,,,,,,,,,,,,,,,,,,,,,,,,,,,,,,,,,"77,000","379,000","2,237,568","1,409,525","2,569,426","6,265,000","5,050,000","6,304,000","4,588,000","9,537,000","42,018,000","7,198,000","6,809,000","7,530,000","15,778,000","11,356,000","8,090,000","10,163,000","20,296,516"
United Arab Emirates,"Military Assistance, Total",,,,,,,,,,,,,,,,,,,,,,,,,,,,,,,,,,,,,,,,,,,,,,,,,,,,,,,,,,,"4,000",,"14,000",,,,
United Kingdom,"Military Assistance, Total",,,,"51,599,000","284,291,000","282,500,000","70,799,000","66,291,000","78,600,000","47,998,000","33,252,000","32,538,000","42,518,000","75,339,000","21,437,000","12,069,000","8,131,000","121,000",,,,,,,,"1,000",,,,,,,,,,,,,,,,,,,,,,,,"9,204,000",,,,,,,"8,000","7,000","20,000","3,306,000","26,000","18,000","18,000","21,000",
Uruguay,"Military Assistance, Total",,,,,,"2,800,000","3,200,000","2,300,000","500,000","2,998,000","2,482,000","4,242,000","3,838,000","4,635,000","5,097,000","1,440,000","1,935,000","2,523,000","2,906,000","5,046,000","1,602,000","1,928,000","2,074,000","3,497,000","6,566,000","6,707,000","3,023,000","5,412,000","8,986,000","3,359,000","2,700,000","20,000",,,,,"5,000","58,000","98,000","81,000","104,000","183,000","165,000","178,000","204,000","499,000","3,319,000","3,901,469","167,000","179,400","1,433,760","353,000","1,198,000","1,656,000","626,000","643,000","1,709,000","2,115,000","156,000","225,000","241,000","272,000","353,000","558,000","1,133,000"
Uzbekistan,"Military Assistance, Total",,,,,,,,,,,,,,,,,,,,,,,,,,,,,,,,,,,,,,,,,,,,,,,,,,"95,000","293,000","1,286,000","2,007,000","2,176,000","2,297,000","7,486,000","42,125,000","16,274,000","1,158,000","47,000",,,,,"6,681,000"
Vanuatu,"Military Assistance, Total",,,,,,,,,,,,,,,,,,,,,,,,,,,,,,,,,,,,,,,,,,,,,,,,"30,000","15,000","50,000","88,000","99,000","93,000","87,000","63,000","64,000","95,000","106,000","100,000","104,000","98,000","58,000","93,000","113,000","92,000"
Venezuela,"Military Assistance, Total",,,,,,,,,,,,,"13,300,000","8,303,000","9,929,000","18,348,000","14,667,000","13,057,000","11,708,000","11,944,000","930,000","1,012,000","816,000","759,000","8,296,000","9,601,000","10,221,000","8,368,000","668,000","10,672,000","100,000","73,000","101,000",,,"8,000","23,000","42,000","45,000","94,000","99,000","153,000","137,000","115,000","102,000","383,000","666,000","226,000","195,000","277,005","8,065,100","9,540,000","10,944,000","8,776,000","6,840,000","7,533,000","6,818,000","6,309,000","1,225,000","772,000","526,000","529,000","540,000","544,000","329,000"
Vietnam,"Military Assistance, Total",,,,,,,,,,"33,098,000","314,171,000","50,316,000","58,606,000","92,997,000","100,005,000","204,998,000","217,481,000","195,916,000","322,463,000","690,455,000","662,540,000","1,243,387,000","1,533,962,000","1,532,097,000","1,878,333,000","2,539,465,000","3,301,634,000","759,330,000","568,790,000",,,,,,,,,,,,,,,,,,,,,,,,,,,,,,,"50,000","116,000","274,000","478,000","1,470,000","2,590,000"
West Africa (not specified),"Military Assistance, Total",,,,,,,,,,,,,,,,,,,,,,,,,,,,,,,,,,,,,,,,,,,,,,,,,,,,,,,,,,,,"300,000",,,"6,450,000","8,130,000","4,900,000"
Western Europe (not specified),"Military Assistance, Total",,,,,,,,,,,,,,,,,,,,,,,,,,,,,,,,,,,,,,,,,"30,000",,"26,000",,,,,,,,,,,,,,,,,,,,,,
World (not specified),"Military Assistance, Total",,,,"1,504,000","66,904,000","105,329,000","236,765,000","129,787,000","133,251,000","230,237,000","210,036,000","184,738,000","482,291,000","168,861,000","287,877,000","187,354,000","318,768,000","109,803,000","85,720,000","88,775,000","369,227,000","51,212,000","54,157,000","25,962,000","20,648,000","27,882,000","28,647,000","27,822,000","32,567,000","49,811,000","19,700,000","59,520,000","47,924,000","51,748,000","43,465,000","45,054,000","76,498,000","43,254,000","51,780,000","57,292,000","32,227,000","37,484,000","71,924,000","44,000,000","65,248,000","63,447,000","58,117,605","35,761,119","115,909,782","106,178,731","135,335,936","325,034,889","96,669,802","8,835,400","3,726,072","17,252,691","15,409,087","10,013,281","17,781,454","242,099,385","31,072,355","153,709,952","112,115,841","116,802,999","146,756,440"
Yemen,"Military Assistance, Total",,,,,,,,,,,,,,,,,,"1,000",,,,,,,,,,,,"241,000","1,000","211,000","684,000","557,000","504,000","914,000","11,041,000","3,378,000","913,000","6,190,000","975,000","1,202,000","1,988,000","1,012,000","595,000","25,000",,,,,"50,000","52,000","142,000","122,000","413,712","198,000","20,488,000","2,948,385","15,799,000","12,985,310","9,296,000","12,420,000","4,857,000","3,800,000","13,653,000"
Zambia,"Military Assistance, Total",,,,,,,,,,,,,,,,,,,,,,,,,,,,,,,,,,,,,,,,,,,,,,,"285,000","451,000","75,000","92,000","99,000","172,000","143,000","150,000","137,000","681,000","189,000","325,000","456,000","376,000","261,000","254,000","433,000","360,000","366,000"
Zimbabwe,"Military Assistance, Total",,,,,,,,,,,,,,,,,,,,,,,,,,,,,,,,,,,,,"60,000","110,000","147,000","191,000","171,000","139,000","155,000","186,000","209,000","1,318,000","632,000","1,293,000","241,000","232,000","224,000","298,000","313,000","299,000","286,000",,,,,,,,,,
